threshold,precision,recall,f1,alert_rate,expected_review_loss_gbp
0.001,0.012544977146747058,0.9923076923076923,0.024776721405934888,0.8569166666666667,45795.308
0.001797979797979798,0.020862552594670406,0.9153846153846154,0.0407953376756942,0.47533333333333333,26001.442
0.002595959595959596,0.02937353782167923,0.8692307692307693,0.05682675383454865,0.32058333333333333,18135.472
0.003393939393939394,0.035961272475795295,0.8,0.06882859033752482,0.241,14445.715
0.004191919191919192,0.043326039387308536,0.7615384615384615,0.08198757763975155,0.19041666666666668,12100.421
0.00498989898989899,0.05203252032520325,0.7384615384615385,0.09721518987341772,0.15375,10394.882
0.005787878787878788,0.058898847631242,0.7076923076923077,0.10874704491725769,0.13016666666666668,9572.5
0.0065858585858585865,0.06439674315321983,0.6692307692307692,0.1174881836596894,0.11258333333333333,9071.828
0.007383838383838384,0.0681063122923588,0.6307692307692307,0.12293853073463268,0.10033333333333333,8827.053
0.008181818181818182,0.07123034227567067,0.5923076923076923,0.12716763005780346,0.09008333333333333,8645.565999999999
0.00897979797979798,0.07684426229508197,0.5769230769230769,0.13562386980108498,0.08133333333333333,8332.232
0.009777777777777778,0.08031674208144797,0.5461538461538461,0.14003944773175542,0.07366666666666667,8261.863000000001
0.010575757575757575,0.08333333333333333,0.5230769230769231,0.14376321353065538,0.068,8190.4360000000015
0.011373737373737373,0.08957219251336898,0.5153846153846153,0.15261958997722094,0.06233333333333333,7944.075000000003
0.012171717171717174,0.09558823529411764,0.5,0.16049382716049382,0.056666666666666664,7833.997
0.012969696969696971,0.09921259842519685,0.4846153846153846,0.16470588235294117,0.05291666666666667,7795.604
0.013767676767676769,0.10465116279069768,0.4846153846153846,0.1721311475409836,0.050166666666666665,7647.104
0.014565656565656566,0.11013986013986014,0.4846153846153846,0.1794871794871795,0.04766666666666667,7512.104
0.015363636363636364,0.1171003717472119,0.4846153846153846,0.18862275449101795,0.044833333333333336,7359.104
0.01616161616161616,0.12055335968379446,0.46923076923076923,0.1918238993710692,0.042166666666666665,7398.5340000000015
0.01695959595959596,0.12655601659751037,0.46923076923076923,0.19934640522875818,0.04016666666666667,7290.5340000000015
0.01775757575757576,0.13043478260869565,0.46153846153846156,0.2033898305084746,0.03833333333333333,7276.4090000000015
0.018555555555555558,0.13636363636363635,0.46153846153846156,0.21052631578947367,0.03666666666666667,7186.4090000000015
0.019353535353535355,0.14047619047619048,0.45384615384615384,0.21454545454545454,0.035,7164.616000000002
0.020151515151515153,0.14786967418546365,0.45384615384615384,0.22306238185255198,0.03325,7070.116000000002
0.02094949494949495,0.1524547803617571,0.45384615384615384,0.22823984526112184,0.03225,7016.116000000002
0.021747474747474748,0.15934065934065933,0.4461538461538462,0.23481781376518218,0.030333333333333334,6983.046
0.022545454545454546,0.1638418079096045,0.4461538461538462,0.2396694214876033,0.0295,6938.046
0.023343434343434347,0.1642651296829971,0.43846153846153846,0.2389937106918239,0.028916666666666667,7021.121
0.024141414141414144,0.16964285714285715,0.43846153846153846,0.2446351931330472,0.028,6971.621
0.024939393939393942,0.17484662576687116,0.43846153846153846,0.25,0.027166666666666665,6926.621
0.02573737373737374,0.18387096774193548,0.43846153846153846,0.2590909090909091,0.025833333333333333,6854.621
0.026535353535353537,0.1891891891891892,0.4307692307692308,0.26291079812206575,0.024666666666666667,6898.402
0.027333333333333334,0.1958041958041958,0.4307692307692308,0.2692307692307692,0.023833333333333335,6853.402
0.028131313131313132,0.19572953736654805,0.4230769230769231,0.26763990267639903,0.023416666666666665,6942.894
0.02892929292929293,0.1992619926199262,0.4153846153846154,0.26932668329177056,0.022583333333333334,7046.381000000001
0.029727272727272727,0.20300751879699247,0.4153846153846154,0.2727272727272727,0.022166666666666668,7023.881000000001
0.030525252525252528,0.20384615384615384,0.4076923076923077,0.2717948717948718,0.021666666666666667,7129.456000000002
0.03132323232323232,0.20967741935483872,0.4,0.2751322751322751,0.020666666666666667,7177.611000000002
0.03212121212121212,0.21428571428571427,0.3923076923076923,0.27717391304347827,0.019833333333333335,7364.591000000002
0.03291919191919192,0.22026431718061673,0.38461538461538464,0.2801120448179272,0.018916666666666665,7382.5869999999995
0.03371717171717172,0.2242152466367713,0.38461538461538464,0.28328611898017,0.018583333333333334,7364.5869999999995
0.03451515151515152,0.22935779816513763,0.38461538461538464,0.28735632183908044,0.018166666666666668,7342.0869999999995
0.03531313131313132,0.2336448598130841,0.38461538461538464,0.29069767441860467,0.017833333333333333,7324.0869999999995
0.036111111111111115,0.24154589371980675,0.38461538461538464,0.29673590504451036,0.01725,7292.5869999999995
0.03690909090909091,0.24752475247524752,0.38461538461538464,0.30120481927710846,0.016833333333333332,7270.0869999999995
0.03770707070707071,0.25380710659898476,0.38461538461538464,0.3058103975535168,0.016416666666666666,7247.5869999999995
0.03850505050505051,0.25654450261780104,0.3769230769230769,0.3052959501557632,0.015916666666666666,7284.726
0.039303030303030305,0.25806451612903225,0.36923076923076925,0.3037974683544304,0.0155,7334.645
0.0401010101010101,0.26229508196721313,0.36923076923076925,0.30670926517571884,0.01525,7321.145
0.0408989898989899,0.26666666666666666,0.36923076923076925,0.3096774193548387,0.015,7307.645
0.0416969696969697,0.2681564245810056,0.36923076923076925,0.3106796116504854,0.014916666666666667,7303.145
0.042494949494949495,0.2711864406779661,0.36923076923076925,0.3127035830618892,0.01475,7294.145
0.04329292929292929,0.2774566473988439,0.36923076923076925,0.31683168316831684,0.014416666666666666,7276.145
0.04409090909090909,0.28402366863905326,0.36923076923076925,0.3210702341137124,0.014083333333333333,7258.145
0.04488888888888889,0.2874251497005988,0.36923076923076925,0.32323232323232326,0.013916666666666667,7249.145
0.04568686868686869,0.294478527607362,0.36923076923076925,0.32764505119453924,0.013583333333333333,7231.145
0.04648484848484849,0.2893081761006289,0.35384615384615387,0.31833910034602075,0.01325,7363.707000000001
0.04728282828282829,0.2893081761006289,0.35384615384615387,0.31833910034602075,0.01325,7363.707000000001
0.048080808080808085,0.2911392405063291,0.35384615384615387,0.3194444444444444,0.013166666666666667,7359.207000000001
0.04887878787878788,0.28846153846153844,0.34615384615384615,0.3146853146853147,0.013,7425.758000000002
0.04967676767676768,0.2875816993464052,0.3384615384615385,0.31095406360424027,0.01275,7473.094000000002
0.05047474747474748,0.29333333333333333,0.3384615384615385,0.3142857142857143,0.0125,7459.594000000002
0.051272727272727275,0.2972972972972973,0.3384615384615385,0.31654676258992803,0.012333333333333333,7450.594000000002
0.05207070707070707,0.3013698630136986,0.3384615384615385,0.3188405797101449,0.012166666666666666,7441.594000000002
0.05286868686868687,0.296551724137931,0.33076923076923076,0.31272727272727274,0.012083333333333333,7537.674000000002
0.05366666666666667,0.2937062937062937,0.3230769230769231,0.3076923076923077,0.011916666666666667,7596.602000000001
0.054464646464646466,0.29577464788732394,0.3230769230769231,0.3088235294117647,0.011833333333333333,7592.102000000001
0.05526262626262626,0.29577464788732394,0.3230769230769231,0.3088235294117647,0.011833333333333333,7592.102000000001
0.05606060606060606,0.30434782608695654,0.3230769230769231,0.31343283582089554,0.0115,7574.102000000001
0.05685858585858586,0.30434782608695654,0.3230769230769231,0.31343283582089554,0.0115,7574.102000000001
0.057656565656565656,0.30656934306569344,0.3230769230769231,0.3146067415730337,0.011416666666666667,7569.602000000001
0.058454545454545453,0.3088235294117647,0.3230769230769231,0.3157894736842105,0.011333333333333334,7565.102000000001
0.05925252525252526,0.3037037037037037,0.3153846153846154,0.30943396226415093,0.01125,7623.058
0.060050505050505056,0.30597014925373134,0.3153846153846154,0.3106060606060606,0.011166666666666667,7618.558
0.06084848484848485,0.3053435114503817,0.3076923076923077,0.3065134099616858,0.010916666666666667,7674.561000000001
0.06164646464646465,0.3125,0.3076923076923077,0.31007751937984496,0.010666666666666666,7661.061000000001
0.06244444444444445,0.31496062992125984,0.3076923076923077,0.311284046692607,0.010583333333333333,7656.561000000001
0.06324242424242424,0.32,0.3076923076923077,0.3137254901960784,0.010416666666666666,7647.561000000001
0.06404040404040404,0.32786885245901637,0.3076923076923077,0.31746031746031744,0.010166666666666666,7634.061000000001
0.06483838383838383,0.32786885245901637,0.3076923076923077,0.31746031746031744,0.010166666666666666,7634.061000000001
0.06563636363636365,0.3305785123966942,0.3076923076923077,0.3187250996015936,0.010083333333333333,7629.561000000001
0.06643434343434344,0.3305785123966942,0.3076923076923077,0.3187250996015936,0.010083333333333333,7629.561000000001
0.06723232323232324,0.3305785123966942,0.3076923076923077,0.3187250996015936,0.010083333333333333,7629.561000000001
0.06803030303030304,0.33613445378151263,0.3076923076923077,0.321285140562249,0.009916666666666667,7620.561000000001
0.06882828282828284,0.3305084745762712,0.3,0.31451612903225806,0.009833333333333333,7682.936000000001
0.06962626262626263,0.3247863247863248,0.2923076923076923,0.3076923076923077,0.00975,7854.526000000001
0.07042424242424243,0.3275862068965517,0.2923076923076923,0.3089430894308943,0.009666666666666667,7850.026000000001
0.07122222222222223,0.32456140350877194,0.2846153846153846,0.30327868852459017,0.0095,7928.349000000001
0.07202020202020203,0.3274336283185841,0.2846153846153846,0.3045267489711934,0.009416666666666667,7923.849000000001
0.07281818181818182,0.33035714285714285,0.2846153846153846,0.30578512396694213,0.009333333333333334,7919.349000000001
0.07361616161616162,0.33035714285714285,0.2846153846153846,0.30578512396694213,0.009333333333333334,7919.349000000001
0.07441414141414142,0.33636363636363636,0.2846153846153846,0.30833333333333335,0.009166666666666667,7910.349000000001
0.07521212121212122,0.3394495412844037,0.2846153846153846,0.30962343096234307,0.009083333333333334,7905.849000000001
0.07601010101010101,0.34579439252336447,0.2846153846153846,0.31223628691983124,0.008916666666666666,7896.849000000001
0.07680808080808081,0.3490566037735849,0.2846153846153846,0.3135593220338983,0.008833333333333334,7892.349000000001
0.07760606060606061,0.34285714285714286,0.27692307692307694,0.30638297872340425,0.00875,7953.797000000001
0.0784040404040404,0.33653846153846156,0.2692307692307692,0.29914529914529914,0.008666666666666666,8071.126000000002
0.0792020202020202,0.3333333333333333,0.26153846153846155,0.29310344827586204,0.0085,8165.838000000001
0.08,0.33663366336633666,0.26153846153846155,0.2943722943722944,0.008416666666666666,8161.338000000001
0.085,0.3617021276595745,0.26153846153846155,0.30357142857142855,0.007833333333333333,8129.838000000001
0.09564102564102564,0.38372093023255816,0.25384615384615383,0.3055555555555556,0.007166666666666667,8154.503000000001
0.10628205128205129,0.39285714285714285,0.25384615384615383,0.308411214953271,0.007,8145.503000000001
0.11692307692307694,0.4155844155844156,0.24615384615384617,0.30917874396135264,0.006416666666666667,8203.054
0.12756410256410255,0.4246575342465753,0.23846153846153847,0.3054187192118227,0.006083333333333333,8317.485
0.1382051282051282,0.4393939393939394,0.2230769230769231,0.29591836734693877,0.0055,8447.608
0.14884615384615385,0.4461538461538462,0.2230769230769231,0.29743589743589743,0.005416666666666667,8443.108
0.1594871794871795,0.4576271186440678,0.2076923076923077,0.2857142857142857,0.004916666666666666,8629.003999999999
0.17012820512820515,0.48,0.18461538461538463,0.26666666666666666,0.004166666666666667,8848.195999999998
0.1807692307692308,0.46938775510204084,0.17692307692307693,0.2569832402234637,0.004083333333333333,8954.023
0.1914102564102564,0.4883720930232558,0.16153846153846155,0.24277456647398843,0.0035833333333333333,9043.825999999997
0.20205128205128203,0.475,0.14615384615384616,0.2235294117647059,0.0033333333333333335,9161.501999999999
0.21269230769230768,0.4473684210526316,0.13076923076923078,0.20238095238095238,0.0031666666666666666,9789.631000000001
0.22333333333333333,0.5,0.13076923076923078,0.2073170731707317,0.0028333333333333335,9771.631000000001
0.23397435897435898,0.5161290322580645,0.12307692307692308,0.19875776397515527,0.0025833333333333333,9820.757999999998
0.24461538461538462,0.5,0.11538461538461539,0.1875,0.0025,9911.176999999998
0.25525641025641027,0.5555555555555556,0.11538461538461539,0.1910828025477707,0.00225,9897.676999999998
0.2658974358974359,0.5384615384615384,0.1076923076923077,0.1794871794871795,0.0021666666666666666,9956.271999999999
0.27653846153846157,0.56,0.1076923076923077,0.18064516129032257,0.0020833333333333333,9951.771999999999
0.28717948717948716,0.5909090909090909,0.1,0.17105263157894737,0.0018333333333333333,10290.500999999997
0.2978205128205128,0.6190476190476191,0.1,0.17218543046357615,0.00175,10286.000999999997
0.30846153846153845,0.5882352941176471,0.07692307692307693,0.1360544217687075,0.0014166666666666668,10477.707
0.3191025641025641,0.5384615384615384,0.05384615384615385,0.0979020979020979,0.0010833333333333333,11178.173999999997
0.32974358974358975,0.5833333333333334,0.05384615384615385,0.09859154929577464,0.001,11173.673999999997
0.3403846153846154,0.6,0.046153846153846156,0.08571428571428572,0.0008333333333333334,11385.502999999999
0.35102564102564104,0.6,0.046153846153846156,0.08571428571428572,0.0008333333333333334,11385.502999999999
0.3616666666666667,0.6,0.046153846153846156,0.08571428571428572,0.0008333333333333334,11385.502999999999
0.37230769230769234,0.6,0.046153846153846156,0.08571428571428572,0.0008333333333333334,11385.502999999999
0.38294871794871793,0.5,0.03076923076923077,0.057971014492753624,0.0006666666666666666,11518.514999999998
0.3935897435897436,0.5714285714285714,0.03076923076923077,0.058394160583941604,0.0005833333333333334,11514.014999999998
0.4042307692307692,0.5714285714285714,0.03076923076923077,0.058394160583941604,0.0005833333333333334,11514.014999999998
0.4148717948717949,0.5714285714285714,0.03076923076923077,0.058394160583941604,0.0005833333333333334,11514.014999999998
0.4255128205128205,0.5714285714285714,0.03076923076923077,0.058394160583941604,0.0005833333333333334,11514.014999999998
0.43615384615384617,0.5,0.023076923076923078,0.04411764705882353,0.0005,11699.995999999997
0.4467948717948718,0.5,0.023076923076923078,0.04411764705882353,0.0005,11699.995999999997
0.45743589743589746,0.6,0.023076923076923078,0.044444444444444446,0.0004166666666666667,11695.495999999997
0.4680769230769231,0.75,0.023076923076923078,0.04477611940298507,0.0003333333333333333,11690.995999999997
0.4787179487179487,0.75,0.023076923076923078,0.04477611940298507,0.0003333333333333333,11690.995999999997
0.48935897435897435,0.6666666666666666,0.015384615384615385,0.03007518796992481,0.00025,11760.796
0.5,0.6666666666666666,0.015384615384615385,0.03007518796992481,0.00025,11760.796
0.55,0.0,0.0,0.0,0.0,12015.092
0.565344827586207,0.0,0.0,0.0,0.0,12015.092
0.5806896551724139,0.0,0.0,0.0,0.0,12015.092
0.5960344827586207,0.0,0.0,0.0,0.0,12015.092
0.6113793103448276,0.0,0.0,0.0,0.0,12015.092
0.6267241379310345,0.0,0.0,0.0,0.0,12015.092
0.6420689655172415,0.0,0.0,0.0,0.0,12015.092
0.6574137931034483,0.0,0.0,0.0,0.0,12015.092
0.6727586206896552,0.0,0.0,0.0,0.0,12015.092
0.6881034482758621,0.0,0.0,0.0,0.0,12015.092
0.703448275862069,0.0,0.0,0.0,0.0,12015.092
0.718793103448276,0.0,0.0,0.0,0.0,12015.092
0.7341379310344828,0.0,0.0,0.0,0.0,12015.092
0.7494827586206897,0.0,0.0,0.0,0.0,12015.092
0.7648275862068966,0.0,0.0,0.0,0.0,12015.092
0.7801724137931034,0.0,0.0,0.0,0.0,12015.092
0.7955172413793103,0.0,0.0,0.0,0.0,12015.092
0.8108620689655173,0.0,0.0,0.0,0.0,12015.092
0.8262068965517242,0.0,0.0,0.0,0.0,12015.092
0.8415517241379311,0.0,0.0,0.0,0.0,12015.092
0.856896551724138,0.0,0.0,0.0,0.0,12015.092
0.8722413793103448,0.0,0.0,0.0,0.0,12015.092
0.8875862068965518,0.0,0.0,0.0,0.0,12015.092
0.9029310344827586,0.0,0.0,0.0,0.0,12015.092
0.9182758620689655,0.0,0.0,0.0,0.0,12015.092
0.9336206896551724,0.0,0.0,0.0,0.0,12015.092
0.9489655172413793,0.0,0.0,0.0,0.0,12015.092
0.9643103448275863,0.0,0.0,0.0,0.0,12015.092
0.9796551724137932,0.0,0.0,0.0,0.0,12015.092
0.995,0.0,0.0,0.0,0.0,12015.092
